path,k1,k2,k3,k4,k5,k6,k7,k8,k9,k10,k11,k12,k13,k14,k15,k16,k17,k18,k19,k20,k21,k22,k23,k24,k25,k26,k27,k28,k29,k30
ABGSHIP_2013_MDA.txt.json,0.9845023829499832,-1.1082787742202616,1.5340845441835076,-1.0446283889845087,0.5925671342810178,1.1993232005791914,0.2652998030491526,0.7749679328102597,-0.15028765924996587,1.687450374387103,0.40635172537382663,0.48740436408720234,0.3633208551774389,-0.13784121352073908,0.06283707958459182,0.255754241021123,-0.7898291425475037,1.4586466523656645,-1.3840528664377472,0.715240046796307,-0.689771560150841,-1.2859417493163678,0.906167223622655,-0.45967895252132335,-1.448601336857984,0.027482529762954545,-0.3162571108120306,0.25764347948590394,0.0045376383219664605,0.05172505633772836
ADHUNIK_2015_MDA.txt.json,-1.7639133063942065,-1.7304865978032222,-0.9889801949883774,1.7582480381591072,-0.14470100755788254,-0.6514664635316719,1.0610572939656353,0.9318985411667248,0.1611869349242159,-1.4760929501737874,0.40267714240651686,0.2640820199018865,-0.9764920618221538,0.018848553283268236,0.3292421761037979,-0.9116944301410367,0.9986740631540292,0.7883744883844358,-0.7736227674960476,-0.9807350402651388,-1.3703840950926796,-0.8099336924469163,-0.043705130328802404,0.15312188743786806,0.0101233890194296,-0.44481032062839587,0.052902832542943624,-0.0323016151892959,-0.21799432387673337,-0.9273341714223724
ADHUNIK_2016_MDA.txt.json,-1.5633511469402008,-1.2668785959704412,-1.2553698439362988,1.486286794612566,-0.5668188192211714,-0.3896187020365917,1.2251520214932137,1.4703902791388457,0.573844003390479,-1.751243052437697,1.5377886644186938,1.21246228232263,-1.4482050171108118,1.6563235334566926,-1.7721193732889675,-0.8296688236328439,1.693297308479028,-0.33337345007645164,0.20379210089332137,-1.7819620542417118,-1.9946502191638333,-0.09322275071011515,-0.7844112203458588,0.8073544089166531,0.5389119208571326,-1.2584994101745035,0.934350906864196,2.0928608840421394,1.3783097849713257,-0.4304949391680453
ADHUNIK_2017_MDA.txt.json,-1.3527276441775145,-1.4836824973126035,-0.38609649152705017,1.5233785154641144,0.10032544822280054,-0.6602143189376398,0.6378909365497547,-0.09088357373504424,0.2419036566613631,-1.2419655869661128,-0.1499948631944844,0.142552278157233,-0.19942033722803162,-0.11450698408072993,-0.6144881368436496,-0.40799087422541946,-0.00023478303061328048,0.12095846110403874,-0.11924872147241462,0.005152101780687713,-1.2804833374272793,-1.0322223912391049,-0.7240538266297007,1.4151214897984414,-0.4353639918681547,-1.5553680977278175,0.6668864117241063,0.06598739473189004,0.009673998867409241,-1.7852045866288646
ANGIND_2013_MDA.txt.json,0.12931066978024955,-1.778750430482684,-1.1974506333101789,-0.14198454380270092,1.3221791081790684,-1.0073545363544916,0.48883037548628183,-2.4635667636692076,-1.326605284084173,-1.5841970735489972,2.3699964898357084,1.7565231082058608,-1.255696768159045,1.177685948718156,-0.515345225809519,-0.5066604921072668,1.0827526534958896,1.95972635009508,-2.0667751035785464,-1.1293616603011003,0.6765629776381528,-1.2556647559973062,-0.4806277285258952,0.053913933066820956,1.1795754030940375,-0.49919416909781505,0.346207938583271,-0.12675760663024593,-0.5612133531869425,-0.6886672045417951
ANGIND_2015_MDA.txt.json,1.3456000758358067,1.7471206448423857,1.856590474646483,-0.4028541932488384,-0.8756447201997686,-0.198527488251109,1.6831478087851126,2.0475310973031506,2.041122930838516,0.3108715923335182,2.67383788959166,2.8680986652014004,-0.38024727692945853,-0.01705367911059519,0.5696797710832463,1.0864229571277058,0.4654222601667758,0.956384945473057,-1.6826196207461075,1.3447284369010652,0.5160736551826439,0.048153734729089626,-0.35403938076043434,0.2962906017596983,0.02938751405698565,-0.01941590567282147,0.010627402539924087,1.1830645539655107,-0.12580102484751463,0.062319859342014866
ANGIND_2016_MDA.txt.json,1.3341567089988202,1.0157788349400425,-1.0844910390192335,-0.14268154200509248,-1.3754227142174302,0.673727634665576,-0.4165769579010612,0.13657871069798697,-0.8028040438873344,0.04698790800100429,0.8644920772246337,0.7297903689925321,0.6592366915606681,1.5306680685665324,-1.3332536375750328,0.9162615214934425,-0.5969379172746543,-0.0909129133551918,0.2225225983631391,0.2252581638655305,1.4971121843215247,1.031964242353864,-0.053690434335518136,0.3355961431190827,-0.8102979521058397,0.18632643164064563,0.09994162269758776,0.5010750289250662,-0.18958684205038373,-0.7554925963608519
ANGIND_2017_MDA.txt.json,1.2714003884407714,0.007549925542813023,-0.5749624150952516,0.14922069397687565,-1.9712982056559465,0.8487712420005037,-1.704803731918631,0.4383069327010378,-2.0242004041755104,0.7472780576371536,-0.6572094542211614,-0.12194517494453438,-1.5795632072307944,-1.1363912279224226,-0.40249228326236164,-1.9793922757202909,1.3076436788289139,-0.026839336255618792,-0.1582352736232167,-0.9469571256428267,0.43960134093261505,0.2701678925849305,-0.48624464627477126,0.4747438563192578,-1.4151282910592053,1.3785039598983189,-1.5914100224130818,0.9859218239992904,-1.1184203059752293,1.2021148962111639
ASHAPURMIN_2017_MDA.txt.json,1.3574583108039073,-1.6683117388739561,-0.012614156952880706,-0.23438361398509874,-0.6521593201184133,-1.0542596197456071,-0.6607921015389155,0.7730820426461243,-0.8578651697333969,0.5778691012253647,-1.4312974623051764,-1.9890119152650485,0.6797092240392308,1.1423492431194788,2.1595612291707957,0.4884361372921056,0.7777334054433974,-1.731217759600839,2.387619488270419,-1.4718618954338993,1.0328310651294836,-1.493555430455891,1.0844227090569933,0.014945061468756704,-0.8070690636816519,-0.40955721482912893,-1.4961446723754857,1.6955080390332014,-2.0433578133606907,0.9238818445857625
ASHAPURMIN_2018_MDA.txt.json,1.8890787516280065,-1.9049408437937447,-0.5637130486512737,0.9143550081978453,-0.8074031949783189,-0.5425418934706805,-1.248267357570989,0.9618049382787679,-0.6362078981402662,-0.33528835032779986,0.7072641436983794,0.8646205564979945,0.16781756655295843,0.3392360841395845,-0.4888895576306086,0.42047210266199275,-0.26208516046300045,0.3341350338139559,-0.42965519429631993,0.5238512852568915,1.7324962634313796,-1.5502560911987742,0.07182336350162848,0.48657618125898444,-1.0514040535675198,-0.39529274950861987,-0.6673757399615097,0.3797825715147653,-1.0104830699208283,-0.5070631144279393
ASHAPURMIN_2019_MDA.txt.json,1.3407235556981474,-2.178061078358933,-0.11257935812077141,-0.012728847345915093,-0.9878466311248261,-0.6396301749159685,-0.17509417030033267,-0.7574348991172837,-0.8123154272541178,0.8968925626118158,-0.31692768520219716,0.009975025061307576,0.5825716240356553,0.09178995637933203,-0.6702989411277228,0.3021608699278933,-0.7728833476257005,-0.026614310324149515,0.1282932347183846,0.6341817818076724,1.933414822918097,-1.6717757207215782,-0.40006016481646306,0.5944261936591974,-2.040450317082262,-0.548750787405261,-1.4122846294554912,-0.662438986066218,-0.3149000045638566,0.18076200476583368
BAFNAPH_2017_MDA.txt.json,-1.2395373935072542,1.8733161173917723,0.4020529562037408,0.45401108995329814,-0.4124190117845795,-1.9521550237444272,-0.291560256551874,-1.8274509086577277,-1.0457358211506198,0.5207205093883274,-0.8937440108778365,-0.8062694850388772,-0.6038898417579043,-0.8600796947358094,1.4179109078550176,-1.007442360303636,0.7500969838618751,0.4223305255127229,-0.2682595577323669,-0.7256914778835131,-0.8975832146817918,2.4065875631571667,0.5840440614012142,0.9042729376685527,0.3657741921703622,-1.6691344486982325,0.13525175812528617,-1.361602612204353,-0.8438418680717849,0.7221672102434338
BAFNAPH_2018_MDA.txt.json,-1.6740948306854595,0.06336753531353624,1.3008772318244204,-0.5172636642336386,-0.30912774114867875,-1.1098239311145628,-1.239171729420556,-1.0670522098915478,-1.9534369088306793,0.8759271993950984,-0.445663063455547,-0.7128530094576885,1.0201714304403497,0.2308823919113581,1.6610157996915342,0.806946499186556,-0.6971682041802404,0.682420788314466,-0.2567790186953602,0.28173454104960866,-0.6195170757837649,-0.1003728231733775,1.629049659569408,0.2375221035839145,-0.04674340746731204,-1.2664155319165624,-0.6027324894425081,-1.1865080284344043,-1.215035642648818,0.308859481841486
BAFNAPH_2019_MDA.txt.json,-0.40390955287324076,1.3258803670695503,1.1782694048204245,0.8350153550223461,-0.7907852511488598,-1.795077642554159,-0.6431517612264918,-0.6207439987221363,-1.4880101535818067,0.6630012351055506,-0.7911925050282047,-0.695403351435348,1.3183469048165966,0.9901316730094527,-0.37633737977027876,1.0625533486501686,-0.8693803260537905,-1.277929925280283,1.6330023415734256,0.3796136305740908,-0.5567746499241163,0.7485050035015065,1.3762013104799138,0.7093402819199229,-0.6426746851288961,-1.009214949474415,-0.7847872614422832,-0.15929999780931425,-1.0499552532213243,0.590177399345384
BAFNAPH_2020_MDA.txt.json,-1.6460323718257965,1.3103748134491755,-0.3593653473802627,0.4824532253145839,-1.6032043588541778,-2.2057461952387216,0.3955236523303399,-0.903127881742953,-1.0182278476840638,0.1186276273628745,-0.3103961766736931,-0.006772795190997769,0.5054330364988525,0.9353783134936787,-1.639274166360363,0.36691639731713827,-0.3605999243204631,-1.3364693637082072,1.4375026656444052,0.10515564335754744,-2.027276431577549,1.4292048067136855,-0.9390344757067859,0.15728059063617722,-0.7753452801549673,-1.9997552566440984,0.21493620058023724,-1.124951325941087,-0.6909224077454691,0.17555013014820295
BHUSANSTL_2016_MDA.txt.json,0.13290754839192526,-1.0337901628554242,1.3898858376359067,0.6657731103175943,-0.25025463048939145,0.6490190147029147,0.8523815978874117,-1.184881160988321,1.3612328872827002,-0.35491227878836523,1.0515069874801515,0.8575956119335193,0.8962557405176637,1.0406173702716812,-0.5473276545550481,1.1068280786422326,-1.103246291120821,1.1162116917037677,-0.9592439653224057,0.7710173513401375,0.19223361411247233,-0.266314200239825,0.6907112655432183,0.2591997987055935,-0.2965021715028175,0.7699390148930252,0.41191822591869265,0.3200629719647267,1.3098622742299955,-0.6622875841819168
CANDC_2016_MDA.txt.json,1.2347724532867508,1.7878850962769408,-0.8147057810811894,0.15706802092842262,-0.6656143116300111,-1.8132299249765085,1.4828860350594515,0.3414605233108022,-1.677538390656911,0.36504415945645247,1.6368767285839816,1.046886303663694,-0.7462563887778239,0.5922683749067994,-0.3355054318410164,0.012966694177775268,0.6966051361215264,0.5007336510547052,-0.8034419613147409,-0.5721845394156335,0.7310911722352126,0.49290371230138924,-0.5782499722921582,-0.05512093232090588,0.14009151017491694,-0.8774319382960046,0.28317290233446946,-0.3404120676494058,-1.075253111074664,0.45963850531455813
CANDC_symbol_2017_MDA.txt.json,0.6816220652968041,0.5419143115245556,-0.2708386756585981,-0.6095184882284247,0.28797418930268137,-0.5799341733261592,0.43269582598577105,0.4214799910710045,-0.8675234688562854,0.9991437601598939,-0.7637324160650859,-1.0842479101629816,0.7877352701201982,-0.7146614303393077,1.99698105552452,0.7199674597794044,-0.5049611875090272,-0.18839033596072793,0.2652249959995867,0.4593798400354263,0.07339363932405712,1.4060511598984156,-0.6032766993264086,0.41635960066137806,0.11816973580403843,-1.9677742476081466,0.4888664743437788,-0.8879944946297116,-1.7728264125799305,-0.3846922925559799
EASUNREYRL_2011_MDA.txt.json,-1.6128747247288557,-0.1470959885264639,0.31053468571816234,-2.9587308881564556,0.003626966759288223,-0.04166392929815697,-1.6799948221362904,0.662600470169703,0.5059663953993659,1.6276953255608886,0.05859904850199853,0.23546977206801126,1.200125539386123,0.12586355315698955,-0.17625754661216947,0.9775075902540206,-1.5582412616896921,0.939758665185942,-0.7584242980876768,1.3240052554685777,-1.8500917907565617,-0.20079549120319798,0.553647543484916,-3.093814511645512,0.08107924857021394,0.10916316383347933,-1.9424197984068394,0.6620464502191841,0.7067966128820391,1.9437772723438582
EASUNREYRL_2012_MDA.txt.json,0.01707128713561449,0.19733607583253743,0.2914512605858514,0.5795981880734975,0.4236560376994848,0.44690194646593934,-0.3972473787483557,-0.06247930146134996,0.2323866680749693,0.4683796400737569,0.19250936852558417,-0.3198945936982767,0.3201025066433302,1.5372386531089057,0.42194377991042353,0.5384824257259793,0.4494782555049284,-0.5858254411933241,0.9399579510663266,-0.963910609816392,-0.26641593660883106,1.1392195351919219,0.224694010393677,-1.056540919990902,0.7878193322867801,0.38953551789517926,0.5505796046226374,1.6681858689912639,0.11646896543812538,2.2834090936782645
EASUNREYRL_2013_MDA.txt.json,0.09623676370481624,0.9677559665545468,1.0477143117262384,-0.1255127365140332,-0.9112051227167278,0.5580751534534093,0.5877112463323445,0.12616098089706596,0.6053267097284624,2.0659434769897778,-0.14745489820999008,-0.638989455141289,-1.3830056464440275,-0.24381903185326478,-0.723173414961253,-1.3673925685463337,1.281582055331826,-0.8689061091816147,0.6317451254994471,-1.656817898145788,1.0224891358616732,-0.18343349224358685,0.37115656669849406,-0.3406409421277303,0.1929152300518289,1.5746765702444734,0.4131300022253191,0.6438609406758811,1.265286787595591,1.2799523288280765
EASUNREYRL_2014_MDA.txt.json,0.6190776882405206,0.4353604644764085,0.02395898090115778,-0.4391480468920887,2.659558298888153,-0.3744551514762586,0.8921793010986685,0.8343535325960206,-0.1285719743302849,-0.47910340305016313,-0.3062084731448486,-0.7619026843189821,-0.6822617224452224,-0.1945131530575668,0.6024343231003562,-0.269799354541962,1.2873874648269716,-1.9856661655500412,1.6861924093368412,-1.07294354707808,0.4857112772144766,0.31760987857890627,1.6350924652824488,-1.026863771214529,2.6155840878602667,-0.5631181569358308,0.7478417822005291,0.5347434928433651,-0.33915686249799687,0.6316721633245318
EASUNREYRL_2015_MDA.txt.json,-2.047583425802311,-0.3658329480408372,-0.8272600737745358,-0.7618208614847073,1.1923147981282116,0.2967832432039927,-2.2724177374900614,1.1615209504732678,0.6064861051531482,-0.5386581918194937,0.8644920772246337,0.7297903689925321,0.6592366915606681,1.5306680685665324,-1.3332536375750328,0.9162615214934425,-0.596937733731754,-0.0909129133551918,0.2225225983631391,0.2252581638655305,-1.7097723296307963,-0.34919096279066747,1.2837249239353878,-0.3520740557189581,1.3163540417763164,1.5022622463458684,-0.020738944657818937,1.278968051730361,-1.3546529948397008,1.3067910094189388
EASUNREYRL_2016_MDA.txt.json,-0.4018805834749527,-0.08922548156963295,0.38616939467082545,-1.2229988693211968,-0.7178908134778847,-0.2891227932598368,-0.8060910677437819,0.6453749385393774,-0.06916173540900238,1.299249083508144,-1.1302785497736365,-1.4905935951272062,0.3717835566630896,-0.5837681750462557,3.238313889526236,-0.03549240316929491,0.19255007913152175,0.8715005467749471,-0.3782839576685015,-0.50442564033931,0.3312747425190589,0.39011874208908826,0.3902525307154878,-0.49238578623017715,-0.6313108963509384,0.2546476508810856,-0.6297362664166017,-0.07958216436695809,-0.12506561152845183,1.5763511598947757
EASUNREYRL_2017_MDA.txt.json,-0.4296579984985354,-0.352786527552174,-0.608175598563429,-1.0856633978311716,0.4459655251746441,0.40273735156672325,-0.18083452541381032,0.28626566417543786,-0.510076507073099,0.579578698505968,1.2504366031751741,2.140159043650155,0.8141299657641122,-0.6514967842937159,0.45555114433254057,1.9077742783414995,-0.5881478117963373,-0.7339510383549855,-0.014100521751366552,2.727320466137187,-0.983297488194344,0.16927948467504064,0.05355399886215089,-0.6676940099989114,-0.4142031498758887,0.27025589590384796,-1.3852364217815591,0.8512201209368262,-0.07604262762602175,1.9937560716346876
EASUNREYRL_2018_MDA.txt.json,-0.09643956368187745,-0.5157681014100522,-0.05358216844806562,-1.3516479870671634,-0.1326058269529178,0.5136548844758166,-1.1783324106717146,0.8502223343968425,0.7262480702399795,0.8408622824825347,0.46025150550489635,0.3898885985789164,-0.24013198767904567,-0.10114438223698995,0.532225561388294,0.13059246361094246,0.13557574084201812,1.056430593400597,-0.44598656743883563,0.9741746738736511,-0.5575301494453677,-0.49616682766012216,0.0386283034323705,-2.0469636047539224,-0.7507156081393553,0.36693377765218554,-1.591042717647039,0.9425087629361419,0.505025160309819,0.3596032564074331
EDL_2016_MDA.txt.json,-1.6437672108170123,-1.4207011957942328,-1.2323210298777967,0.6834805921716622,-0.7515075972876246,-1.0460022271561864,-0.8938993636255881,2.0675869444702317,0.002697980742499086,1.2967360533613594,1.251805469339436,1.0253055880923776,-0.5058221725387418,0.9009769001336467,-0.7817791735373676,-0.1561608728997748,0.3954632580579424,0.8591979064015275,-0.8794113746136898,-0.5047653552914054,-0.9956482513934185,-0.278417773855908,-0.462030461800816,-0.026969493100006584,0.02228283261259391,-0.47149075548634073,-0.4222639634290001,2.3841372015723308,-0.2515803678267504,0.7259161735332641
EDL_2017_MDA.txt.json,-0.1874828111648563,0.3470449909050555,1.615377170966657,-0.8369429659045403,0.358271563641539,1.2862607557918773,-1.8282106897616204,1.589132221202973,-2.3095435066703285,1.2419554901734429,0.12822650977851605,0.3635143805397486,-1.5027403132190222,-0.458335253048237,-0.5214703740573817,-1.5915769893278824,1.2875129032891086,0.36691310008775446,-0.5318186484570799,-1.0432308247875464,0.7867299489084134,0.713371654539779,0.7910582558815169,0.6999041182566055,-0.6127635834742202,0.49697257877970236,-1.166329534357,1.0815992436561397,-2.6433824483017023,1.5969788439237291
EDL_2018_MDA.txt.json,-1.4427039501535333,-0.15840334552964147,1.6405799748551093,0.25932205537305864,-0.6983265738567196,-0.9495307846749613,-0.6331585907845309,-2.048985619915741,-2.639338276479388,0.06611495092738966,-0.1499948631944844,0.142552278157233,-0.19942033722803162,-0.11450698408072993,-0.6144881368436496,-0.40799087422541946,-0.00023478303061328048,0.12095846110403874,-0.11924872147241462,0.005152101780687713,-0.8944255241761605,-0.0028140608614445183,1.7927961252832054,-0.6839242948637896,-0.15731617909693102,-0.5415180969803648,-0.4568354950911705,-1.1240892212245248,-1.4166877147138404,-1.1897381811455416
GALLANT_2016_MDA.txt.json,-0.07480757568815767,-0.938647500125557,-0.8404515674859458,0.24087161499935442,-0.5544023424237451,0.3356933895071362,0.09133882744844053,0.5947267102029503,-1.0646009674229606,0.28829590735083693,-0.18944979466547476,-0.24915906677101285,1.0619368524959174,0.7056157092277,0.1367693751423515,0.9326992910562526,-0.8700274917650873,-0.007569684106924224,0.31065407667514094,0.4722284668353204,1.465091259564212,-1.439119632693471,-1.4989718904423386,0.40708416784037654,-1.3607330287666723,0.9843733521208459,0.6269334946404297,1.2505266495099716,-1.3815514428133746,0.8152014152984874
GALLANT_2017_MDA.txt.json,-0.09879109127206624,-0.23544115350274045,-0.31708737604451936,1.1209575808595535,-0.11124677438376088,0.7716466224014925,0.44889418459339475,0.6397267157837341,-0.9124791844903829,0.020677879019504502,-0.030527047395467376,0.24060108208913925,-0.8019963081171922,-0.4090293793139364,0.8041374425465377,-0.4939837805382214,1.2933183127842545,-0.7498469562806718,0.5226285195533298,-0.459356283934949,-1.4748610426985662,0.5928296088581412,0.07605488816512082,1.9107436974715026,0.15294503363190856,1.4600710213379748,0.3033746644668239,-0.1217163316522057,0.3814969627657385,0.18568768522712684
GEMINI_2017_MDA.txt.json,-1.040862077098076,-0.9088709193110933,0.02431036428614427,-0.7734077352710521,0.9639468607414737,-1.1364521266634104,-0.37196556795161845,2.8638207781638343,-0.8256322068577815,1.028564480483451,0.494049598262509,0.5414561726896242,0.5347698863069698,-0.28963798580514394,1.8448421918836282,0.9954633829800176,-0.16813295846161952,0.5336450542142722,-0.61921891101674,0.9288772909246293,-1.5172171476242338,0.3135029359071689,-0.35600482076769546,-1.4606435219605447,1.339362360051439,-1.3127037375196773,-0.533727577182077,2.693122324034405,-0.6501508354216321,1.7340048483930142
GUJNRECOKE_2015_MDA.txt.json,-0.2415012980520884,0.9098739436194065,0.07157785062225498,0.5541479670141986,1.0437097762195864,-1.2134517949351789,0.46651912916141497,-0.7251522002885883,0.5782783642699624,1.2449506939751103,0.44471031354780166,0.9347613322085129,0.2510036518424586,-0.31879493446633594,-0.1285577543490481,0.5433892599695221,-0.319401465396147,-0.03242156233284067,-0.23791856334907685,1.114726326433772,0.5693971799289208,0.5086793318960389,-0.16902725907377036,0.36850864871980576,2.0886623008414515,-1.5507541208551627,-0.23081024541846817,-1.6905894373537491,0.12264131220593033,0.15530259062794302
GUJNRECOKE_2016_MDA.txt.json,-0.08080977867285162,0.4843346503542047,0.08086571143063458,-0.7124815300187918,0.9332975724480422,-1.299124109745334,-0.4157493626213666,-0.045900025502169976,0.08731738931405068,0.6506571186085057,-0.7958578251292967,-0.6834405917303897,1.3734457858459217,0.38756867647400123,0.31578798307611916,1.0162992813216047,-1.1638685445534638,-0.34231912302126066,0.6978528556084678,0.7574897690982763,0.9741623868205993,0.4178352300080996,-0.6889680975493332,-1.2110870062224217,1.4581709605031747,-0.6561425266891568,0.7551847480188943,-0.7292762133636714,0.4693359831373351,0.3200545762307944
INDOSOLAR_2017_MDA.txt.json,-0.5740314752229791,-0.7385311350263016,1.4948122075871115,-1.2094974729496075,-0.9393884870001009,-1.2895405160885327,-0.7747906311552725,1.1968040241004494,-0.8325199681463037,1.5522588470878853,0.2237999809392261,0.09275148071063931,-0.8448314385217371,-0.3373694056101002,0.8819058754421646,-0.8831521905099351,0.8039167965446165,1.18002184471966,-1.1264568963494697,-0.7697046813781473,-1.4062129328057678,-0.06060178047251,1.3564059303931062,-0.319069110744216,-0.6310783578179181,-0.9857416606523836,-0.09212463365905067,0.15321271937142453,-0.6232561329046974,0.8198538719208924
INDOSOLAR_2019_MDA.txt.json,-0.15713777656579106,-0.7588570586484983,0.5864018770112205,-1.1046823717156513,1.0941143346196103,-0.8166799291954494,-0.26420153762969273,0.4291184209367909,-0.289986558137093,0.9183989659898012,-2.175978345495291,-2.0280170881009507,-1.435408257405363,-3.1614382682320636,0.9873944946218057,-2.389227158080764,0.7122974248058418,-0.1356687110270265,-0.1653973193748892,-0.7453118193234719,-0.2427768494507423,-2.244394436075146,0.9485454604053726,-1.092853755889019,0.5713707054668743,-0.5151491761724547,-1.4527649912418856,1.24320657027228,0.0809762351010562,1.9204174464393404
IVRCLINFRA_2019_MDA.txt.json,0.8446456999344845,0.6220934818832223,1.117667806355857,0.9202423737478514,-1.925438309097039,-1.6396578143054203,1.031840908239757,0.43741018139180576,-1.860270572893661,-0.47446529202286836,-0.15407709376665896,0.1530196595647359,-0.15120884674100651,-0.6417496262948392,-0.008878437807858882,-0.44846309970254067,-0.2579119193188349,0.9396181510754613,-0.9375048619335193,0.3357934383120158,0.999250565574379,-0.09056313815992376,1.56130390734789,0.3278831627369645,-0.4392822702623612,-1.2663759282824836,-0.016459193011602622,0.8940875381199985,-0.866469025626886,-0.6570921650848535
IVRCLINFRA_2020_MDA.txt.json,0.7996688996499104,0.7959404024501703,1.6024590399767902,0.20839751698633135,-1.043704566301117,-1.7677623589910736,1.0796603124112947,0.8347524273620149,-1.4046181405991622,-0.49995452726610184,0.6043820013982352,0.6434111383456752,-0.9045104506850544,-0.02315899301612682,-0.4056671728899916,-0.8434699937140508,0.6542449030792429,0.891309686981191,-0.9742808560875774,-0.563826792454529,0.9981300374569354,0.4734358207791645,0.3848702003287947,1.0643324448124103,-0.4151435037879821,-0.46510979263563557,0.8295367858840889,-0.026217736867908393,-0.6287128840865646,0.13929360500780988
IVRCLINFRA_2021_MDA.txt.json,2.3093066245704246,-0.11124711337638263,1.0653631149695157,0.7883283286425506,1.6400492543046181,-0.09986953281088343,-1.3246623736256076,0.8204628778911331,-0.4933335053741726,0.2745967978119757,-1.5517951957284049,-0.7402010317779116,0.10698143725540983,-1.1299909222833446,-0.447197204873012,-0.6598208129745349,-0.39593271923751167,-0.6172806652056849,0.6409138447986222,0.5150693690678914,0.3378380197293897,-0.3784455316166795,0.19548320045405565,-0.14534586576323028,1.625729327266976,0.020780151953694953,-1.1706079760387689,0.23415412476925015,-1.2027652419070045,-0.9007633260101929
IVRCLINFRA_2022_MDA.txt.json,2.416590700502253,0.8957423345786051,1.5383556108413488,2.075312504830737,1.9902517760167502,0.043665977753957926,-1.7389859853946845,2.4986498173892513,0.0911411184120629,1.5034023812322397,-1.843527870245464,-0.8291997078548254,-1.598374405068352,-3.2079607969042168,0.9871943557248303,-2.6420595311100876,0.8224854646805213,1.019850671449695,-1.2343717394192328,-0.14126371407820174,1.8037861129372474,0.6769970418580872,-0.4832260612844633,-0.25129122406189575,-0.19855561706839336,-0.19257997507534877,-0.22909227208393096,-1.3583945347430475,-0.42555940538852294,-0.3505398756893111
JAIHINDPRO_2017_MDA.txt.json,-0.6072423653123378,-0.8583641817322156,0.4361753159472868,1.1866299711187682,-0.277797499063901,0.87725581604393,0.18538641529030347,0.3449473477076789,2.3996381716193373,-1.765122027637359,-0.03542254843761231,0.24921302333091794,-0.7028871138502596,-0.8644250190700115,0.11750200392323752,-0.9614960443457115,0.2571689267770142,1.1619786207804335,-1.231214064171277,-0.06627913490627597,-0.06998562660324735,-1.0142004832889442,0.47262903447792265,0.601913448010216,-0.6761858978464301,1.0897101923795234,1.3817361003712203,1.6725445190726023,0.8772136618215302,0.05753776388732701
JAIHINDPRO_2018_MDA.txt.json,-1.4849407537079373,-0.34464164170304246,1.793361599713675,0.034253913936296385,0.05616080889968144,0.8800929758860058,-0.648874092956497,-0.8071757093449077,-0.5987691613043442,1.0693636027722042,-0.574304353473154,-0.15014565623044696,1.1590550486007483,-0.6449640859975022,0.17889685229889263,0.6485251713498557,-1.6524977253789148,0.9742048779767866,-0.8089047093786883,1.543071533590408,-1.02947606992198,-0.5384278675486615,1.8310840775273542,-0.4887432910367575,0.19566882363640029,1.0264946567592708,0.0034577792468675097,0.13071049456751338,0.3601933263539799,1.0722612467318209
JENSONICOL_2016_MDA.txt.json,0.11457719455220376,0.46834687904656475,0.5801747761769545,0.2736004589150025,1.5381250164595555,1.216236646863312,0.9714763409553607,-2.172350596451855,0.3803350489237618,-1.2270592203272668,-2.1310315383186773,-1.7055397916190886,-0.4752058616830961,-1.8080858395486,2.051478946549973,-1.3461777067438698,0.6409063685481661,-0.05600598254801663,0.2646096651451092,-0.5259641376568264,0.08896630937801994,0.554186675389909,0.9159222862839229,0.4321418467083268,1.7065078011743169,1.4474173532448364,1.00771089243976,-2.4969572646921714,0.5654664965120336,-1.2805337919813289
JENSONICOL_2017_MDA.txt.json,2.393888299922387,0.244012482143793,1.289042742671228,-0.11768509500483533,1.787908558428057,2.175619141713752,0.6675764853809315,-1.7085943746896388,1.1306601135263352,-1.9031265384171878,-1.835363409101115,-0.8501344706698313,-1.6947976293514773,-2.153475269528926,-0.22402509470829135,-2.561115038438159,1.3378397372569646,-0.6174683097584437,0.40214007819503916,-0.8025463871408579,0.26459708105437296,-1.1328685754002132,-1.706226383882878,3.241426812727683,1.8920041262153973,0.24968556881004897,0.5028800158992633,-0.9336626605628635,1.530848678446459,-3.2934059251956675
JPINFRATEC_2017_MDA.txt.json,0.3088056530701152,0.2702245043211045,0.23364103043565373,0.1103107204681145,-0.917305984122057,-0.5807782981773344,-0.1971826594483602,-0.9664870167517258,1.4609796667533586,-0.6579444448340934,-0.7643909893130986,-0.7106250091312212,0.9839302192819394,0.2993338631771906,0.5173428931828046,0.6618879302674393,-0.7139336157616861,-0.2965547358783473,0.6277514110782925,0.3586879486645722,0.9138804961340419,0.3573044727338781,-0.760745826154717,-1.3182706172367111,-1.8716069425495032,-1.5752950192702913,-1.8436648883811795,-0.9884609860361796,1.9907598541166358,-0.1589669036037344
JPINFRATEC_2018_MDA.txt.json,-0.3996659360629871,-0.9392178208345213,-1.6920593057480073,0.9409913661062691,-1.065129722407152,0.2274767386934895,1.461326959670302,0.5418089134525162,-0.7702515413494156,-1.8574402048331522,-0.7643909893130986,-0.7106250091312212,0.9839302192819394,0.2993338631771906,0.5173428931828046,0.6618879302674393,-0.7139336682025148,-0.29655471095742814,0.6277514110782925,0.3586875690947933,0.35094410484183514,-0.5913304386318428,-0.9020141297403422,0.8552018412823584,-0.03416520738165049,1.0655037758196586,1.1162979580940193,-0.2150028782877121,-0.5105651536750734,-0.1981643503720051
JPINFRATEC_2019_MDA.txt.json,0.3777124094945162,0.721013010572835,-0.9656217505384768,-0.10094916454414923,-0.5658555907084721,-1.2109252819840426,0.41664021109488925,0.08576808578033762,-0.016789703134921553,0.06202521938546536,-0.44453059453861643,-0.2888644606616709,-0.7489954001400179,-1.7912485276999346,0.6884021281159987,-0.8382922030990422,0.3541095742808149,0.1223711382947936,-0.5221550873239205,0.177073868070811,0.9810700901129957,0.5320979885155213,-1.5462598472581934,-1.2297647892588337,-1.3722082748181506,-1.3876547662825132,-1.7278930614950052,0.29993234168684363,1.3346483794246005,-0.7643974726299418
JPINFRATEC_2020_MDA.txt.json,-0.5737483696533391,0.923891286148882,-0.44211561827881746,-0.6632497349727798,-1.0578537128977696,-0.9727209430118691,-0.8456339269743582,0.46034643451566876,0.3879885759289885,-0.29463198881162894,1.0188328028976803,1.1680353464612145,-1.3867558503226207,-1.1809183513105577,0.5568224996136865,-0.671189278765138,1.2778864452550271,0.18768380343075777,-0.8798304366431485,0.010573307147506136,0.43290712231245937,0.7522612448415069,-1.1301503990720423,-1.133751695323346,-1.799874850950088,-1.3747828176945676,-1.2844399231571992,-0.3334987834622699,1.6624363403192068,-0.18540709143195028
JPINFRATEC_2021_MDA.txt.json,0.2112931693923896,0.20477396926307953,-1.1087541101524658,-1.1582698206657336,-0.796931307571473,-1.157496253169204,-1.0602593380845475,-0.24341532456234186,1.3361823600979845,-0.0863676251843433,1.7084884348245764,0.5416992799995516,-1.1469750811564154,0.3231399768132213,-0.10164570298587759,-0.07907176190996883,1.1833633199521065,-0.3561835972706737,-0.2108094893107251,-1.1435268248790311,0.3445357461051833,0.7845040452462149,-0.4127205342463002,-0.9903901619414572,-0.5560356150416367,-1.136922470401678,-0.5886192567616212,-0.400521239561515,0.11127524962318988,-0.43599718482390415
KWALITY_2020_MDA.txt.json,-2.1819367770472713,-0.26494190645056187,1.6130712699359246,-0.6292869418313184,-1.3448120202944285,-1.8734654104145403,-0.6127015694262707,0.6030790754947108,-0.07077772443714311,-1.0690930392537854,-0.7802753568985131,-1.4331861356246327,-1.3229410704995936,-1.0875886139862023,-0.14405404744397576,-1.538157158486779,1.033521203556927,-0.9142516554207208,0.6287609011605887,-1.5727989888819085,-0.03759822064622879,-0.3106671019778576,0.9549649931551185,0.6160609733482495,-0.14181664685696604,-0.8902454791988066,1.1319364938179286,0.8077943490444297,-1.1968526354524178,-0.3370362899917447
ADVENZYM_2017_MDA.txt.json,-0.2166888373351105,0.7965757705090356,-0.9527397581520245,0.24381092106546187,1.2821423799296008,-0.7142735511699894,1.6321581395724698,-0.8565974734204682,-0.05156270499261454,0.41125375931466684,-1.345713843986166,-3.354177230715194,-0.4853315743613479,-1.120362227976147,1.2967529014189794,-0.6348839826502174,0.4184807963334103,-1.668589934735904,1.4870856205037548,-2.024246758076148,0.4873781715740005,0.2911390431337262,-0.9183154424273388,0.09438356882765743,1.175086101531728,-1.1434350424220283,1.5157041724250238,-0.8037322729007631,-0.6741183449699785,1.3286025043481626
ADVENZYM_2019_MDA.txt.json,0.5523957056813238,0.6626606952979113,-1.349124739040528,0.3333139551389633,1.4042455717546263,-0.9948329993659156,1.9955705412109606,-1.7193047122179725,-0.6162611973501606,0.9855395965990735,0.8084488436452586,0.7633668785954404,-0.6481263513323933,0.16334499550655665,-0.35603722953253875,-0.5228527217988906,0.3828443165776352,1.1160509218702097,-1.163907235206543,-0.3583673792121232,0.17815612489916421,0.5612530567551239,-0.8000348578846649,0.013669975487865438,1.1569190594856265,-0.2807161837849101,2.1634360799914125,0.5077306762468501,0.5900319042241102,1.0633048966936054
ADVENZYM_2020_MDA.txt.json,0.20502625953556555,0.9789417979428366,-0.5916932978117984,0.5693386365519667,1.4037414376443036,0.17397448493803233,0.5523669842438301,-1.5849645132205072,-0.16325535062290983,-0.14087504778263196,0.22012532692841602,-0.11077887252136612,1.0478177890699543,1.4983988666861272,-0.03511942367200729,1.1736384523798873,-0.5673122839602711,-0.35013691503925015,0.7062758807822546,0.017917982368786476,1.5972038157524553,1.9785349321532844,0.2755036998237293,1.2262906089557337,0.4259191691633264,1.4883956018322193,-0.21098131615359617,-1.0911070450563942,0.7226783924937009,-0.7206137988222076
ADVENZYM_2021_MDA.txt.json,-0.1807942690226063,0.5179631906801325,-1.2913756379833383,-0.6608412778816114,-0.3086590563946965,-0.0007391412359205584,0.8988679378440044,-0.016349616499071677,-0.09493791727460124,0.6818670768990468,0.45015324028170084,0.9208048458880661,0.18672147528603336,0.3841952753980658,-0.9360373181557422,0.5973521716487689,0.02416803217453892,-1.1239674501212564,0.8530891895812047,0.6738713059511126,-0.21286514037859736,0.14265971974888844,-1.674981189691084,0.8281894899295414,1.6858458435834545,-0.9617485357574516,0.4675476857104778,-0.7816956731829688,0.5441822985466415,0.5240883183462632
ADVENZYM_2022_MDA.txt.json,0.04624134659646598,-0.04702561637449541,-0.939245732703458,0.8886510744901371,1.164030871048648,0.02686132281018491,0.08397436933638867,-0.6537086761160504,0.560391644903456,0.9917217950780508,-0.14352104198824428,0.06756120660449197,1.6250697864519912,1.1276747000932636,-1.288689987399804,1.4753152273054508,-1.6070050967595604,-0.6814292243667671,0.9261622333089417,1.1602380714154148,0.6602225198177134,0.6734858614410855,-1.6090857784799972,-0.19773489077557446,0.045359454454874985,1.2014743340433154,1.3931844793257366,0.2760598518911569,1.3743200675600005,-1.7566139963058174
ADVENZYM_2023_MDA.txt.json,-1.8887854493429692,0.5439931525525549,-1.2370902929969962,-0.7302226218779201,1.0256509500091908,-1.7418768014114157,-1.0331474321898362,1.0920608414895137,1.9781561695382823,0.6996135056114415,1.1100215402618319,0.9703388019777466,-1.40671173625582,0.3892346995167369,-0.6701929613703866,-1.1068079647727438,1.2623494863051805,0.8591038847577949,-0.9987981855236161,-1.1635730436108906,-1.051569246988575,1.0773201073430512,0.6997063280111057,-0.688395581058365,-0.1826371329772414,-0.1102562040827997,0.776841564098882,-0.5126765998416424,1.2796895384929776,0.6854615228489116
AFFLE_2020_MDA.txt.json,-0.46538460020141487,-0.07775982122510543,-0.2926232839297934,-1.5008842076808153,0.15691587562348547,-0.5445009131320228,2.0848688194718252,0.4748476655355861,-0.2951490233470074,-0.9678491805543293,0.4172375077981247,0.45949135811197317,0.23475655655568334,1.2681393546757196,-1.552122152751877,0.363680231250361,-0.10269005563468174,-0.7244451630846378,0.7979628131632925,-0.1664701839539012,-1.3899466262753952,-1.2362212464410094,0.7673595675172808,-1.702068137406511,0.8253098575660129,-0.19066628631880767,2.5906950312025088,0.7236183863017529,0.5258185612098765,-1.2135719946740897
AFFLE_2022_MDA.txt.json,-0.45192041259648075,-0.44584628379467334,-1.1043100944639976,0.15376825779310663,0.3531212536242156,-0.6414369191650835,-0.19876444265432505,0.08643310631113654,0.2324473561669921,-0.3193473383770472,-1.103855553828262,-0.5734297505110806,2.9107990434779802,0.7796232180635772,-1.1439591297413285,2.351054563420237,-2.9731882158498477,-1.084791207004112,1.483704572916437,2.396670375777833,-1.9453757544729453,-0.1553060518302172,-0.281602228109559,-0.39693386793203167,-2.1493311590742104,-0.6483673969544682,0.8610190044557217,-1.9994257169756195,1.3060988961917293,-0.825533039799485
AFFLE_2023_MDA.txt.json,-0.6710561486611071,-0.32587790246354886,1.362952898108981,2.0052391534448533,-1.0118334594476397,0.07793164282352154,-1.1231677560596285,-0.4603034908513554,1.4531033638769981,0.6167007909355469,-0.04978015567929257,0.19947840652012505,0.5485641118418271,-0.5215643576759795,0.210236804946341,0.24428613253717943,-1.0369151848687885,1.3490183727368248,-1.2570925923276581,0.9952200151559608,0.03669198098422092,0.16172513150991477,1.2182718743678616,1.6656210392057433,-0.3077369001611047,0.38207882900892765,-1.07363235288987,-0.9245037803703525,1.3481854082960005,0.6111224620558035
ALEMBICLTD_2019_MDA.txt.json,0.12706833284770994,-0.17966745972755446,2.371194378220722,2.492067053844023,-0.918422658260449,0.33017612469562174,-0.9839709079527231,0.3210993934284505,1.4701536833308069,0.46828264326259034,1.0035968138179818,0.4980716681727924,-0.3698404611663623,-0.4714411880590257,0.4400821316000498,0.24773259745977802,0.17282089545753723,0.3154021184533375,-0.75172891925604,0.16284398684558157,1.8357409675630512,-1.510678486149409,1.5995040288697875,1.2455660606336443,0.03941284904128484,-0.6237264916881674,0.7445729344934056,1.5439185923907452,-0.3890319807746123,0.019271188062584585
ALEMBICLTD_2020_MDA.txt.json,-0.34494351233896275,-0.15936483570471813,1.8084428842507865,2.120281911787185,-0.40396078759627624,0.611754373493928,-0.6840811256694139,0.7291358733249883,0.3608942508118796,-0.4505185871172775,-0.3500100102538167,-1.1953032494556852,-0.5056623995793814,-0.7165497769469672,1.6013087208406902,-0.6113972590960542,0.47339011967223593,0.5969480964307623,-0.5509495598118725,-1.0315742368782173,1.043270678731514,-0.22456249961951882,0.6867366435747219,0.21964591990096638,0.9671477105187836,0.17729852997329498,-0.490505153548647,0.7905201865523716,-1.6761239347736054,-0.5338901276311331
ALEMBICLTD_2021_MDA.txt.json,-0.8791489479127047,1.3204512261474892,0.5594821990610835,1.2786715548378282,-1.6997246082923765,0.17645713506759608,-0.1958428780997392,0.09603839605739302,0.837573041911373,-1.0112928901370406,0.05859904850199853,0.23546977206801126,1.200125539386123,0.12586355315698955,-0.17625754661216947,0.9775075902540206,-1.5582412616896921,0.939758665185942,-0.7584242980876768,1.3240052554685777,-0.5598552586096539,0.27231882528824,0.973811229198011,0.7693811838620588,-1.8436378296553777,-0.16759766115538194,-0.33219062273454375,-0.5941924577045316,1.1656577331616602,0.09696453702075357
ALEMBICLTD_2022_MDA.txt.json,-1.117995666980215,0.5031742058937494,0.5107802683022953,1.4893349335401873,-0.7003090975530443,-0.32187137023489903,0.2939890325652119,0.5333774396921013,1.3033003717937919,-0.9941578755448376,-0.047635068230479666,0.18499181676014256,0.6423921609776954,-0.0822452055830778,0.812029373883352,0.8172655357235166,-0.3336563509670975,-0.26296948352568617,0.24250425891814564,0.8099393853906873,-0.39520642619813273,-0.2857446765270622,2.4928506802289325,2.7674398526027013,-0.6549337513717967,0.29914478980810305,-1.61284925571462,0.8806955151563204,1.1244698462096643,-0.19925816796592122
ALEMBICLTD_2023_MDA.txt.json,0.846069415969483,-0.8309538066826466,-0.938215072640718,-0.15411834049041886,1.226264099230065,1.6269228023907425,0.49696051281940523,-0.3427426464964501,0.5575494192603877,0.6084970786489067,-0.23132643921466853,-0.546011859423326,0.9183238736354234,0.3595043485261105,1.5287596862707908,0.7850681593037545,-0.6074524607419656,0.7611474471970954,-0.35882456098602933,0.19571795603949674,0.7399879949841486,-1.4679296296189237,-1.0284415556691806,0.2196732364882851,1.290780314315542,1.1671412068484812,0.2991945138698692,-0.05061765330546947,0.8378335503816292,0.7610752886396043
AMARAJABAT_2015_MDA.txt.json,0.2792820577662208,-1.6849614031042541,0.10133058534712944,-0.8783752902402595,1.03078105039894,0.21595896053377728,0.8406425648336848,-0.9082190363332507,-1.137580758172858,1.7643230437023432,0.27535724373407977,0.30745245316228026,2.5032480700626145,1.4207195097935232,-0.9492464591753511,2.4439506725584477,-2.6008934677723277,0.1212399678066476,0.23891176917085655,1.9815757123707005,0.8362738447538683,-0.2631416853295614,0.057437386993047096,0.17173714749513083,0.23310088268670726,1.164767598345525,1.264771356548694,-0.1889991171779602,0.9839349993502772,0.758306900651614
AMARAJABAT_2016_MDA.txt.json,-0.1457484042939239,-0.5499011923467113,-0.9969577916921478,1.0523271982292137,1.790579257799933,1.2682492961124712,0.2407030103558724,-0.052058687270749075,1.2998173810457827,0.7255952066535771,1.1100215402618319,0.9703388019777466,-1.40671173625582,0.3892346995167369,-0.6701929613703866,-1.1068079647727438,1.2623494863051805,0.8591039645047361,-0.9987981855236161,-1.1635730436108906,-0.4805469905293383,-0.46617399507123786,-0.11110599740181543,1.3758178437997768,-0.2808297571044601,0.4024836037021292,1.8764300653892296,-1.1218097135029494,1.292383128435446,2.1211400954610062
AMARAJABAT_2017_MDA.txt.json,-0.5771573452005768,-0.4810751696152461,-0.9785323956747792,0.9857282323780528,1.9590437623807782,1.1008139404648105,-0.25759176706542425,0.15045374071840092,1.1639018473537965,0.10089320694305251,1.0313670076600192,0.8041243374536863,1.7788734820653194,1.7229646711190703,-0.982669249168313,2.0246600594579522,-1.84334295861168,0.564127206049513,-0.2888179208425628,1.2803406868158425,-1.7056076024432971,-1.2854346930867626,0.632974227293873,0.9612072131344792,-1.1550392474067372,-1.477803305867,0.10767195709895253,1.1454652418449192,0.9398950656186955,-0.668163143348358
AMARAJABAT_2018_MDA.txt.json,-0.20808016538865723,0.7335710519447006,-0.6691884027082783,1.0928514285766975,1.0704587811142083,1.2389557127251072,1.47666334163633,-0.4605487837035287,1.58744589593936,0.5757597433988183,0.06676343860284732,0.21453500925300545,1.1037023151029977,1.1803489725558036,-1.3874771541299116,1.0584520829259492,-1.0428869891132488,-0.6975602362752554,0.878087461613103,0.6627223926210322,1.0874416697830491,-0.6891994725429197,-2.186467952659754,-0.2627023908114631,1.2475225537460186,1.0481769556564335,1.071870717179239,-0.5218759412234395,0.984285649958393,1.071140920146805
AMARAJABAT_2019_MDA.txt.json,-0.3639915093281606,-0.16814034657678464,-1.3625635240524467,-0.4450413780230395,0.08487914256702937,0.6267738548853791,1.127201112823529,-0.8105701897340706,0.43430383125792194,0.27547844717486725,-0.4772713024787045,-0.08110678031931969,-0.6142037134542863,0.7430818189176172,-1.9898589736594043,-0.7414824326711743,0.8858052481186341,-1.991509542923118,1.9488430111096304,-0.9499265000229857,-0.5244699965778649,-0.057952120197501886,-1.2185824106213679,-0.3268488407864717,0.35926360678353647,0.2138302344937269,0.6315969886615783,-1.4172354860926553,0.6599441256045875,-0.5644196490475214
AMARAJABAT_2020_MDA.txt.json,-0.5691077642309703,-0.3677475987164616,-0.9938431603435733,-0.1240419478761101,0.3924425882366918,0.9953573288414945,1.155843636980364,-1.176163729923491,0.19430944193755728,0.025973766288068332,-0.7643909893130986,-0.7106250091312212,0.9839302192819394,0.2993338631771906,0.5173428931828046,0.6618879302674393,-0.7139336944229291,-0.2965547607992664,0.6277514110782925,0.3586879486645722,0.49251614554412143,-1.122505264602232,-1.7245999120306919,0.5113281993176457,1.2492309346417734,0.9034582923701446,0.9248831735651346,-0.5940177080596775,0.39975663329817496,0.6527235622630029
AMARAJABAT_2021_MDA.txt.json,0.1704023929895452,-0.576649782885872,-0.9562148720696595,0.48235032879097056,0.025506557987567305,0.5938594244343238,0.8355165961453127,-0.18730578192152808,0.17575860940848462,0.18499623086185174,-0.48380278436589585,-0.06435897673418217,-0.5370650853659709,-0.10050648420849119,-1.0208833295344426,-0.8062379600604194,0.473521851033811,-0.6816544297288543,0.6396337249673404,-0.42090074114263964,-1.3029403442368734,0.43032757407090244,-0.8119751541177619,0.6947614968899968,0.5191366038207186,0.6029559713900874,1.1003971206481715,-1.440360947839629,-0.928380287661175,-1.502881086150293
AMARAJABAT_2022_MDA.txt.json,1.0732304453385266,-0.6110420875118862,-1.2819990901281013,0.5961230812344274,1.1536958111683562,1.4531508561674242,1.2262161042891075,-0.11595272962453451,1.6887532022651714,0.9824694994099276,1.4690952830844493,0.6333613361609146,-0.4505597067078786,2.0176765296385915,0.09200109606807619,0.22075898454514858,1.101987949445625,0.2937330403363439,-0.07980071461587357,-1.543538713767797,0.5039861512642924,-0.7583174695552422,-0.05947843991527533,0.5854512326655419,1.7698734409624266,0.9729011156931673,-0.8218783720309814,-0.8149116897975727,0.5481004729931687,0.6678813433210313
AMARAJABAT_2023_MDA.txt.json,0.4122259333010492,-1.3266159861492544,-0.8888127628411109,0.7153616704985293,0.7751177298673906,1.5575680343479497,-0.9840224244820736,1.5587226994548429,-0.3599179312368238,-0.6521735523319891,-0.6362353171419631,-0.17071214130514317,0.7867340938273933,-1.0149228208461698,0.3997508123565045,0.22954143354859088,-1.3545972149343415,1.208067089524215,-1.0938573915979055,1.355194124629166,0.664240498494032,-1.2299151834351196,-0.41831222125462825,0.9793119113946634,0.9415736540328477,1.7273378344467694,-0.570816587709893,1.1983283193078993,0.1134684278926368,-0.5106915862032084
ASTERDM_2018_MDA.txt.json,-0.25841469012200846,-0.6187867695407525,-1.0332635361475286,0.4642872905144588,0.003469342341726685,1.2449682378492783,-0.47330217105705563,0.8532549272838285,-0.7504943644133563,-0.10015843354879637,-1.4181756567516495,-0.6642994828482747,1.1042941238768318,-1.6727343030299635,0.6524360333931287,0.20988180708534876,-1.7781731676203645,1.020132497140069,-0.8762113066894538,1.8351598727886997,-0.32971576260012997,-0.779432695357248,-1.2518117294410005,0.6401506944206388,0.08091229400574998,1.4779844511431868,-0.599806281080479,0.8744938918632336,-0.7066702991314252,-0.007752283359438024
ASTERDM_2019_MDA.txt.json,0.6626828287887752,-0.332172715200541,-1.1132283273880734,-0.2903736324268551,-1.0995755474617788,0.47046392878703247,-0.16053997356980904,0.28214013794303006,0.7075386900704973,-0.904373616610998,-0.27742891989150625,0.5635511703914163,0.5249295548981341,-0.9689428739679664,0.06900286038763867,0.5825672568107434,-0.6206535740815585,-0.506041058755439,0.19444492116797457,1.642591408376533,0.04623181086316003,-0.6814101437225198,-1.5525056260421033,2.240126150376056,0.09310259398985847,2.4919506148754818,-1.7864312291414688,1.350601724998982,-0.12428476528577379,-0.33894244945207574
ASTERDM_2020_MDA.txt.json,-1.3469421166358693,0.043138071490630106,-0.5231148770421049,-0.21555826804160566,0.22490246542044226,0.5358219857852249,0.7927969582894603,-0.5662092240016471,0.29793440121101494,0.026084525518751865,-1.6521595563770313,-0.8176700278386888,-0.7680072468615643,0.1477920638447634,-2.2958795024447345,-1.2908274316944202,1.122143057529925,-3.237065853718987,3.1638230204774045,-1.0700292103158582,-1.7836856251380522,2.949012183875827,-2.127995061162879,-0.9503749448943818,-2.172051333563988,-0.6204936915540158,1.3116573981574149,-0.5363164620562422,0.02384328691230593,-1.8175850189933895
ASTERDM_2022_MDA.txt.json,0.7394169775584053,-0.8710033154669578,-1.5684537951568873,1.5959273100069369,-0.355870765429343,2.0373579009789093,-1.966298674181458,1.5614918876993638,-0.6857957588315298,-0.7504920115128334,0.8261756178463514,-0.011230229220365694,-1.1905538451976996,-0.4507344666315885,0.33932344815886367,-0.9635679532277516,0.74106415600814,1.2606037364435054,-1.471746171267869,-1.1158782030460337,-0.05311909163938526,-0.46738781799682144,0.06141007980698272,0.3207571327713478,0.5048119998690552,-0.3679326633315324,0.27395036143780754,0.8429383364770517,-0.582891440450905,-0.05012042851622208
ASTERDM_2023_MDA.txt.json,0.3905323410686095,-0.053211208286956024,-0.008403017456817784,-0.13978540841938322,-0.6784812243342345,-0.2671580508097641,0.6102385882138761,0.09947141842337281,0.42879486970455133,-0.9110528762742146,-0.9053026818154627,-0.33655689471246075,0.39789130220094665,-0.9309422807198301,-0.054632056345351857,-0.1875966095237168,-0.8113190008230815,0.3829941505375503,-0.3179441218137569,0.8561949922464853,-0.48768265353622814,0.06644337883056187,0.07299583428082386,0.2886682610893167,0.33957916238396524,0.21550045636002335,-0.12102738039135198,0.2054268607898885,0.8626738935826815,-1.239131037364493
AVANTIFEED_2015_MDA.txt.json,-1.1868932858628265,0.5658536877085799,0.05661523057744934,-2.167567901099707,-0.7964801339453215,0.1977130006873951,0.7757609009448772,-0.34957122681603925,-1.7364161231790747,-0.8448548693349317,0.6910854073693683,0.6722042041165156,-0.3832614708556678,0.49478332485260074,-0.7148625913029517,-0.25689287760180124,0.23718404162252013,0.5639020804343672,-0.5753461975301953,-0.3007982206346566,-0.28965630517591434,0.5257963142634985,0.444485487302021,-1.4693770038969765,-0.3686541403366869,0.10896829246346686,-0.16239844594098418,-0.9860218652297709,-2.118079390837337,-0.18023037447100243
AVANTIFEED_2016_MDA.txt.json,-0.8236017127054681,0.32010516115718624,-1.3611497302602917,0.9426479260540654,-2.0953906771334885,-0.5504185344045842,0.3260834417560346,-1.1192691979101737,0.6448340676121953,-0.8250746597945111,2.2911276900369155,1.014702669276104,-0.09128859362965998,2.5332216617545873,0.7766173427979588,0.875755316960962,0.7853479186453971,1.3401929382426838,-1.0185418216257378,-1.398145269108314,-1.5330019591908417,0.441064194932663,0.4971526423378944,-0.9081569624798705,0.7440577930665729,0.9616998111032768,1.6795494400492474,0.7620850427173753,0.685573954193193,-0.3112070100134328
AVANTIFEED_2018_MDA.txt.json,-0.7299418302510335,2.0707150210366683,1.2068363254874528,0.0013570784814334541,0.326197389828959,0.48159036833552743,0.262707766639205,0.7624006143215255,-0.758368180763724,-1.7434214787234756,-1.4602593398216654,-2.763621073443194,0.3546510773930638,-0.13487094261947247,0.6292624912761489,0.13262820325910096,-0.030693989536842176,-2.2225142620717135,2.2899884598351288,-1.3068667082536227,-0.5657273747534082,1.3930437800535218,0.04182476080836329,-0.3748767816715705,-1.1110975257823628,0.4472427713243899,1.1219007558167602,-0.12846435080180812,0.9506354235772325,-1.1811392306442874
AVANTIFEED_2019_MDA.txt.json,0.4124075765560145,1.9840561950550408,1.4526967954335133,-0.7269007680598987,-0.3659324808752024,0.7155905857170135,1.2462154723413708,0.21285393588799434,0.47634103968883906,-2.3509323317795796,-0.25115817016732817,-1.1182349321094736,-0.37827550018429507,-0.7529997200174097,-0.01663820861724397,0.014129470384654607,0.36383797728579664,-1.958380909095589,1.4243183406240292,-0.5508280458070889,-0.8755544204718421,0.2726270576684154,0.08460800083143286,0.06382963096715627,0.01970751154394661,0.36983819765376585,0.5110042867210922,1.0063505523318115,0.6605083146576672,-0.15686711698187633
AVANTIFEED_2020_MDA.txt.json,0.1912368782897189,2.7331502940433356,0.8770899612971441,-1.3912823710857714,-1.010093994864887,0.592943715891199,1.6526069449325145,-0.11703136075093981,0.3299459789842721,-2.1970776153823963,-0.25115818792820327,-1.1182349321094736,-0.37827550018429507,-0.7529997470115287,-0.01663820861724397,0.014129512102340746,0.36383808216745395,-1.958380909095589,1.424318311667283,-0.5508280458070889,-1.0044297178240347,1.0438434021390046,-0.7442875799955833,0.013865561827740968,-1.0858834228233092,-0.5242400522230646,0.8441902695213078,0.752644438152941,0.28921201412876124,-0.41139439607942924
AVANTIFEED_2021_MDA.txt.json,-0.017613281267428456,1.8106444412589298,0.7855146111781367,-0.8699830045451178,0.15585473428017113,-0.16353148555952352,1.518161830496171,0.8186230944239186,-0.11385474325030523,-0.8749340590053977,0.7305841016365588,1.2257803494466244,-0.44090349944167645,-0.5659494380094,0.024439000766249018,0.023513550998735006,0.38941368406459054,0.08447527219287176,-0.5091945110806054,0.7076114533804263,-0.16374553865892544,1.7695295283985986,0.361815058417738,-1.1438034338691292,-0.3651990471138413,0.47582017036641744,1.7389673273169821,0.36008526165343563,0.09355020748210258,-0.7074868724302166
AVANTIFEED_2022_MDA.txt.json,0.45017620128830976,2.4742124054518713,1.2905866354356756,-0.8240954439933508,-0.6910051363660464,0.5868187201439496,0.9885937440840762,-0.37332810513056397,-0.343904145429736,-2.143683795171353,-0.9880272255073941,-1.3249498144295488,-1.4358817368656405,-0.8789717449422786,-0.6445360161254714,-1.7103709374082836,1.300526409564197,-1.5098226266196857,1.238041460717513,-1.6832613859308492,0.6547576141417462,1.4655240058364503,1.256530260692674,-0.03697969852392642,0.1382955725990272,1.535101487622655,0.9234733326929627,0.5863759243135104,0.17443820537095445,-1.487756033830467
AVANTIFEED_2023_MDA.txt.json,1.2367284410200974,-0.7994468940859861,-0.12523456463749205,-1.1822055249888783,-0.4289285108689577,1.4056530475426907,-1.6986390686090307,-1.1052481470227766,0.0755819559526647,0.8659185260875107,1.6805333857946934,1.6729323280708281,-0.6345385127205475,0.43344879909976547,-0.3015039421059203,0.1160808413348065,0.6172554499442333,0.7276756622813719,-1.0493494829290635,0.06983667543299261,1.6572779052189448,-0.5682994996014606,-0.6256247193873553,0.10586041660481046,-0.3551615998907776,0.10504958578502264,-1.1650062489353012,-1.0658806093727042,-0.84700872286082,0.3213958861408869
BALRAMCHIN_2015_MDA.txt.json,1.1379897467019815,-0.48198229104703066,-0.08030855326984984,0.4559624977645139,0.0278027580119704,-0.5633105246641713,-0.9502215117520166,-1.5333262317320708,-1.077890310951689,0.2486424981791026,-1.8040168854527172,-1.6983601090685057,1.9604957585819587,0.1597270277115573,1.397489776278678,1.318159864372292,-1.393303423476948,-0.9111667247454458,1.4871068168418948,0.8297492270427507,1.1260281362511675,-1.7191474866536816,0.59971757517198,-0.3103164040550118,-0.39151805769397546,0.11963030454394702,-0.9641160720617853,-1.2781819249950155,-0.11196572990673224,0.5259520977366811
BALRAMCHIN_2016_MDA.txt.json,1.4346807444906309,0.0669969606135062,0.01529366980106883,-1.1675030583204402,-0.6624056207121836,0.8787082670089289,-0.7667205964397246,-1.2629459377271555,-0.0849134245186667,0.7366453234050991,1.1181858593191805,0.9494040391627407,-1.5031349605389452,1.4437202268920275,-1.881412359441968,-1.0258635138185015,1.7777035491183089,-0.7782150167034024,0.6377135162636715,-1.8248557166735468,-0.8173728317749546,0.3973956949782257,-0.11614488408695074,-1.3333137310852565,-0.5363521782816231,0.02318969921955332,0.4163983558004704,-1.0175362802220504,-0.3563510928207412,-0.4319043767563157
BALRAMCHIN_2017_MDA.txt.json,1.5363120443537372,-1.0113718828114158,0.050780915222371874,-1.6593760466253973,0.40799522649121833,0.7853883826862483,-1.0875441500317915,-0.28654890144596235,0.5252706031596884,1.0075871920518917,0.5026887720760297,0.5193966927224718,0.9424864923752566,0.4376503797497495,-0.2807134784058798,0.9075066478805374,-1.2532301157452266,1.0948608038823575,-0.9407920317500033,1.0074934988484108,0.2396099167825708,-0.28670259963752104,-0.17702744136152598,-1.7537366169836412,-0.15211133006424896,0.16711368028248302,-0.9501731502006688,-0.13560206360001978,-0.4767625962495814,0.15479186360119943
BALRAMCHIN_2018_MDA.txt.json,2.121816133988988,-0.9519908798352261,-0.387216885032733,-0.5318989498826807,-0.4431860245560223,0.8434711991556912,-1.0680358174044002,-0.8821108906275972,-0.2681302106527331,0.8640548504737428,0.6910854073693683,0.6722042041165156,-0.3832614708556678,0.49478332485260074,-0.7148625913029517,-0.25689287760180124,0.23718393674086283,0.5639020804343672,-0.5753464291841641,-0.3007982206346566,0.5097642684373449,-0.144462563149388,-1.0021445345463764,0.057687471320620416,0.026988056937258545,-0.1970760884437476,-0.3038220120754178,-1.0410766389603603,-1.1568842502502805,-0.11196997975834304
BALRAMCHIN_2019_MDA.txt.json,-0.20207264700492453,-0.3880212857029462,-0.16651096425958314,-1.1704938808821235,-0.9083982947103174,1.1060131276771257,-0.8514970409440539,-0.9305624548597374,0.16648736545027484,-0.23807194810327112,0.27273211535357084,0.4115028651590689,-0.6339918783316695,0.4049020322552843,-1.036796211043089,-0.6139483790387606,0.5924115024884564,-0.17876596670405193,0.13307202443961408,-0.6048505043707237,0.9638326236925961,-1.3352088362871626,0.05702563171173236,-1.6515328974596175,-0.449479541457713,1.1841059914652907,-1.2618232557211064,-0.8981119265943012,0.580877960543313,0.6252925043791219
BALRAMCHIN_2020_MDA.txt.json,-0.08802380858090897,0.2425253190379756,-0.6496198006918215,-0.8250738772497176,-0.6307354064870803,0.7215844979991358,-0.6775568829063875,-0.25033685842104886,0.5317217473417133,-0.7999616764730579,-0.483802819887646,-0.06435897673418217,-0.5370650853659709,-0.1005064572143721,-1.020883120088282,-0.8062378766250471,0.473521851033811,-0.6816544297288543,0.6396337249673404,-0.42090074114263964,-1.593456928756849,2.775419324758167,-1.89515902450676,-1.2204270035892384,-2.161209460948752,-0.6385583212800332,0.7139960480502725,-0.24170136869072073,-0.41868632633462394,-1.8551275840842765
BALRAMCHIN_2021_MDA.txt.json,0.027200484603373164,-0.7570644982348962,-0.9953636920822422,0.8461900968440859,0.6661766937976432,-0.12126302885478599,-0.32726135942774254,0.3081325652000733,-0.6710187984470922,-0.9348590231539139,0.857960621978755,0.746538239246341,0.7363752790974709,0.6870797114521858,-0.36427830761931235,0.8515059106688252,-1.0092212029227166,1.2189421799023368,-1.0866867746493893,0.7542843023156555,0.6980252027096266,0.8193688379359588,-1.4551019619903476,0.6783967238209897,0.4176408960953524,-0.30676721059688855,-1.4007333063400884,-0.6710724529733959,-1.6707525705232171,-0.5199334440808397
BALRAMCHIN_2022_MDA.txt.json,0.6565461190133358,-1.2835238514359124,-0.13060258310871195,-1.8668485023647154,0.21552883828863184,1.3288456398292954,-1.4979805583929695,0.40565031900942494,0.9694136230910778,1.0387344100401432,-0.7698339160469978,-0.6966685228107744,1.048212355286852,-0.4036564529765551,1.324822561712579,0.6079249351528203,-1.0575031985487187,0.794991171846804,-0.46325648663571956,0.7995429691472316,0.6290816865097528,-2.117160826340875,-0.2655684826573777,-1.8771901532822421,-0.4463060937732691,1.9947139413054253,-2.062200188562603,-0.01201280300773521,0.8112791154978,1.274141369241888
BALRAMCHIN_2023_MDA.txt.json,0.5489432971432429,1.0040033854623176,1.5955893496005584,0.9892561131876516,0.5894827684880558,1.0530040420931648,-0.29603915986728396,-1.5634116569250753,1.735425379435314,-1.590908159104053,-0.040087868538704274,0.2611757637644635,-0.6477882328209345,-1.4669881505760582,0.8096273929504055,-1.0077500282389031,-0.03731925894714114,2.0975895127547646,-2.1663636080497275,0.3115966240481306,0.7498340430498822,0.6742845259831882,0.206601820447048,-0.32369559853805324,0.9038992859445237,0.049325430606454994,-0.2606379454363341,-0.6507764606287485,0.6198451709358801,0.22506027761070818
CEATLTD_2016_MDA.txt.json,-0.7138329374231618,-1.116195398077366,-0.17517782415696131,-0.7876382582025385,1.3175788455950388,-2.1704210410283458,-1.0524045477186421,-0.5141392201273124,-0.7822309914141433,-0.2633711394768581,1.7846276012538822,2.4248378702468036,-1.541517291558836,-0.38010059000879165,-0.2497985967416603,-0.19037821968233526,1.9639943488234335,-1.1142903980415177,0.1625268844789644,0.25201479671816585,0.10114965494883235,-1.3691214023803053,0.5978726314591402,-0.097497412614192,0.469507003662237,-1.9698890509674707,-0.6616982459556296,0.1546413353169337,-0.3829772603127478,-0.07559709172862071
CEATLTD_2017_MDA.txt.json,-0.10171581666092284,0.30525470662514675,0.42985757820499254,0.09766951127740997,1.1754937873396498,1.1924348618795428,0.5855636140060464,-1.0941773152069039,0.9663863830563566,-0.5188153938903487,-0.6757060735526509,-0.22488223679763464,1.1039982600414273,-0.2461925572606036,-0.367520429464541,0.634166945005649,-1.4105300783668067,0.16128597093852412,0.0009383380725394456,1.248941156427977,0.026172643644875926,0.5481872045228504,1.28722306640326,0.49828416202895437,1.0002893457234556,1.3746674729737642,0.13032069164116147,-1.4995091907635028,1.893676477583215,-1.6256269802199468
CEATLTD_2018_MDA.txt.json,0.7226051664725338,0.2011526568131389,0.9790470932452977,0.1735702604780529,1.2101068028963597,0.04000747214937719,0.849350782761962,-0.1592245395230024,1.218156495888089,-0.6561201907904081,-0.8872125201102076,-0.8230172552896791,-0.6810284698462197,-0.016491364615581976,0.44893536845313636,-0.9426867494790186,1.1623804858283555,-0.8875247870488939,1.0409498949112133,-1.254717236763859,0.24724698903681483,0.9757904093984113,1.6689429285188722,0.3821242608760446,1.102939109203429,0.7994542372001896,-0.04528244626286744,-0.4785149848572853,1.1160295779755904,-1.4298823594104044
CEATLTD_2019_MDA.txt.json,0.07619277466057198,1.4458325949754494,-0.29856450259776196,-1.114498442729574,-1.3805423312268816,-0.05969852878022656,0.19035631702158445,0.12884722933267842,0.352696638203865,-0.9164347181366989,-0.3103961766736931,-0.006772795190997769,0.5054330364988525,0.9353783134936787,-1.639274166360363,0.36691639731713827,-0.3605999243204631,-1.3364693637082072,1.4375026656444052,0.10515564335754744,1.6320314778437288,0.8129819154648829,1.5973054862990783,0.12515073344000832,-0.9526849069253158,0.5120048442056712,-0.328677406178308,0.30450290360847165,0.7900015076398347,-0.876811809129578
